City_ID,City,Country,Date,Lat,Lng,Max Temp,Humidity,Cloudiness,Wind Speed
0,Mount Gambier,AU,2022-40-04/08/22 22:40:21,-37.8333,140.7667,58.91,88,100,5.75
1,Mataura,NZ,2022-40-04/08/22 22:40:21,-46.1927,168.8643,56.66,60,66,6.42
2,Bubaque,GW,2022-40-04/08/22 22:40:22,11.2833,-15.8333,76.64,79,12,14.41
3,Ferme-Neuve,CA,2022-40-04/08/22 22:40:22,46.7001,-75.4493,35.56,100,100,3.04
4,Le Port,RE,2022-40-04/08/22 22:40:22,-20.9373,55.2919,78.76,70,56,3.56
5,Vuktyl,RU,2022-40-04/08/22 22:40:23,63.8567,57.3094,13.3,96,72,2.86
6,Khatanga,RU,2022-40-04/08/22 22:40:23,71.9667,102.5,-6.63,100,59,3.76
7,Umm Lajj,SA,2022-40-04/08/22 22:40:23,25.0213,37.2685,85.95,23,1,8.23
8,Alekseyevsk,RU,2022-40-04/08/22 22:40:24,57.8406,108.3492,24.53,96,92,1.81
9,Cam Ranh,VN,2022-40-04/08/22 22:40:24,11.9214,109.1591,71.56,83,20,2.3
10,Bengkulu,ID,2022-40-04/08/22 22:40:25,-3.8004,102.2655,73.69,89,69,3.56
11,Pevek,RU,2022-40-04/08/22 22:40:25,69.7008,170.3133,-12.17,94,100,5.95
12,Shihezi,CN,2022-40-04/08/22 22:40:25,44.3,86.0333,59.32,41,100,8.41
13,Qaanaaq,GL,2022-40-04/08/22 22:40:26,77.484,-69.3632,-3.71,70,0,6.73
14,Gweta,BW,2022-40-04/08/22 22:40:26,-20.1833,25.2333,68.34,76,42,13.31
15,Ushuaia,AR,2022-40-04/08/22 22:40:26,-54.8,-68.3,40.66,81,0,3.44
16,Sinop,TR,2022-40-04/08/22 22:40:27,41.7711,34.8709,45.43,81,5,8.25
17,Hermanus,ZA,2022-40-04/08/22 22:40:27,-34.4187,19.2345,59.81,75,4,21.09
18,Gilgit,PK,2022-40-04/08/22 22:40:28,35.9221,74.3087,62.55,46,92,1.88
19,Axim,GH,2022-40-04/08/22 22:40:28,4.8699,-2.2405,81.72,84,100,10.65
20,Dali,CN,2022-40-04/08/22 22:40:28,25.7,100.1833,52.27,86,8,3.96
21,Rikitea,PF,2022-39-04/08/22 22:39:29,-23.1203,-134.9692,79.12,73,18,15.99
22,Qandala,SO,2022-40-04/08/22 22:40:29,11.472,49.8728,81.57,65,100,1.59
23,Bathsheba,BB,2022-40-04/08/22 22:40:29,13.2167,-59.5167,79.41,73,40,13.8
24,Palu,ID,2022-40-04/08/22 22:40:30,-0.8917,119.8707,75.51,88,100,2.42
25,Kaitangata,NZ,2022-40-04/08/22 22:40:30,-46.2817,169.8464,58.55,60,13,11.32
26,Alice Springs,AU,2022-40-04/08/22 22:40:30,-23.7,133.8833,69.22,32,0,4.61
27,Tiksi,RU,2022-40-04/08/22 22:40:31,71.6872,128.8694,-7.53,100,100,4.54
28,Oranjemund,NA,2022-40-04/08/22 22:40:31,-28.55,16.4333,62.26,68,0,3.27
29,Flinders,AU,2022-40-04/08/22 22:40:31,-34.5833,150.8552,68.38,89,75,5.99
30,Provideniya,RU,2022-40-04/08/22 22:40:32,64.3833,-173.3,5.07,83,43,7.74
31,Guerrero Negro,MX,2022-40-04/08/22 22:40:32,27.9769,-114.0611,83.73,22,44,13.0
32,Castro,BR,2022-35-04/08/22 22:35:48,-24.7911,-50.0119,65.52,92,100,3.67
33,Masvingo,ZW,2022-40-04/08/22 22:40:33,-20.0637,30.8277,62.49,93,100,11.86
34,Adre,TD,2022-40-04/08/22 22:40:34,13.4667,22.2,80.44,9,4,7.94
35,Albany,US,2022-37-04/08/22 22:37:52,42.6001,-73.9662,54.18,62,77,4.25
36,Hobart,AU,2022-40-04/08/22 22:40:34,-42.8794,147.3294,62.28,83,0,9.22
37,Cape Town,ZA,2022-40-04/08/22 22:40:35,-33.9258,18.4232,61.27,65,0,11.01
38,Townsville,AU,2022-39-04/08/22 22:39:11,-19.25,146.8,81.48,69,40,6.91
39,Gamba,GA,2022-40-04/08/22 22:40:35,-2.65,10.0,77.11,93,90,3.69
40,Topeka,US,2022-40-04/08/22 22:40:36,39.0483,-95.678,55.89,30,0,21.85
41,Punta Arenas,CL,2022-40-04/08/22 22:40:36,-53.15,-70.9167,42.91,81,0,13.8
42,Vaini,TO,2022-40-04/08/22 22:40:36,-21.2,-175.2,86.16,79,75,5.75
43,New Norfolk,AU,2022-40-04/08/22 22:40:37,-42.7826,147.0587,61.92,56,1,3.98
44,Kysyl-Syr,RU,2022-40-04/08/22 22:40:37,63.8986,122.7617,18.64,96,98,4.32
45,Mahon,ES,2022-40-04/08/22 22:40:37,39.8885,4.2658,57.76,88,0,11.5
46,Dikson,RU,2022-41-04/08/22 22:41:38,73.5069,80.5464,-1.25,100,98,7.76
47,Prince Rupert,CA,2022-38-04/08/22 22:38:05,54.3161,-130.3201,44.69,76,75,20.71
48,Les Cayes,HT,2022-41-04/08/22 22:41:38,18.2,-73.75,78.22,76,23,6.02
49,Uglegorsk,RU,2022-41-04/08/22 22:41:39,49.0833,142.0333,35.35,75,98,5.57
50,Port Elizabeth,ZA,2022-41-04/08/22 22:41:39,-33.918,25.5701,60.1,91,100,11.5
51,Brigantine,US,2022-41-04/08/22 22:41:40,39.4101,-74.3646,58.03,62,20,12.66
52,Puerto Ayora,EC,2022-41-04/08/22 22:41:40,-0.7393,-90.3518,82.36,79,67,7.61
53,Upernavik,GL,2022-41-04/08/22 22:41:41,72.7868,-56.1549,8.76,96,100,4.32
54,Busselton,AU,2022-41-04/08/22 22:41:41,-33.65,115.3333,56.41,76,53,9.51
55,Bonfim,BR,2022-41-04/08/22 22:41:41,3.0833,-59.95,78.26,75,74,8.12
56,Taixing,CN,2022-41-04/08/22 22:41:42,32.1667,120.0136,60.75,76,0,7.25
57,Mar Del Plata,AR,2022-41-04/08/22 22:41:42,-38.0023,-57.5575,65.08,92,0,4.0
58,Caravelas,BR,2022-41-04/08/22 22:41:43,-17.7125,-39.2481,76.98,82,2,5.44
59,Codrington,AU,2022-41-04/08/22 22:41:43,-38.2667,141.9667,67.42,69,10,11.1
60,Belmonte,BR,2022-41-04/08/22 22:41:43,-15.8631,-38.8828,78.24,77,0,4.88
61,Madimba,TZ,2022-41-04/08/22 22:41:44,-10.4,40.3333,76.24,88,2,5.01
62,Mashhad,IR,2022-41-04/08/22 22:41:44,36.297,59.6062,59.14,55,82,0.0
63,Bluff,NZ,2022-41-04/08/22 22:41:44,-46.6,168.3333,56.95,70,81,18.32
64,Chuy,UY,2022-41-04/08/22 22:41:45,-33.6971,-53.4616,64.69,92,6,6.24
65,Taltal,CL,2022-41-04/08/22 22:41:45,-25.4,-70.4833,65.53,73,23,6.82
66,Thompson,CA,2022-41-04/08/22 22:41:45,55.7435,-97.8558,44.76,26,40,8.05
67,Matara,LK,2022-41-04/08/22 22:41:46,5.9485,80.5353,76.66,88,98,6.24
68,Bereznik,RU,2022-41-04/08/22 22:41:46,62.8551,42.7072,35.46,98,100,10.94
69,Mulchen,CL,2022-41-04/08/22 22:41:46,-37.7167,-72.2333,71.46,58,52,3.44
70,Ilebo,CD,2022-41-04/08/22 22:41:47,-4.3167,20.5833,70.72,99,97,4.41
71,Nanortalik,GL,2022-41-04/08/22 22:41:47,60.1432,-45.2371,27.73,88,40,7.94
72,Hervey Bay,AU,2022-39-04/08/22 22:39:05,-25.2986,152.8535,73.02,96,82,8.99
73,Vila Velha,BR,2022-41-04/08/22 22:41:47,-20.3297,-40.2925,80.55,76,75,5.75
74,Sao Gabriel Da Cachoeira,BR,2022-41-04/08/22 22:41:48,-0.1303,-67.0892,75.04,95,97,1.74
75,Mananjary,MG,2022-41-04/08/22 22:41:48,-21.2167,48.3333,75.34,76,51,3.36
76,Faanui,PF,2022-41-04/08/22 22:41:48,-16.4833,-151.75,81.97,74,100,17.54
77,Saskylakh,RU,2022-41-04/08/22 22:41:49,71.9167,114.0833,-10.01,100,100,3.4
78,Saint-Philippe,RE,2022-41-04/08/22 22:41:49,-21.3585,55.7679,76.59,86,72,11.39
79,Magadan,RU,2022-41-04/08/22 22:41:49,59.5667,150.8,22.53,87,82,2.04
80,Port Alfred,ZA,2022-37-04/08/22 22:37:39,-33.5906,26.891,57.18,93,99,10.09
81,Esperance,AU,2022-41-04/08/22 22:41:50,-33.8667,121.9,60.64,73,98,25.81
82,Urumqi,CN,2022-41-04/08/22 22:41:50,43.801,87.6005,56.35,55,0,8.95
83,Leshukonskoye,RU,2022-41-04/08/22 22:41:51,64.8989,45.7622,34.52,91,100,11.05
84,Kapaa,US,2022-41-04/08/22 22:41:51,22.0752,-159.319,80.58,75,40,19.57
85,Kibala,TD,2022-41-04/08/22 22:41:51,9.1104,18.3463,82.35,61,0,0.0
86,Alor Gajah,MY,2022-41-04/08/22 22:41:52,2.3804,102.2089,75.02,94,40,3.44
87,Casablanca,MA,2022-41-04/08/22 22:41:52,33.5928,-7.6192,59.22,87,73,9.01
88,San Andres,CO,2022-41-04/08/22 22:41:53,12.5847,-81.7006,84.22,70,40,14.97
89,Chokurdakh,RU,2022-41-04/08/22 22:41:53,70.6333,147.9167,-13.45,94,59,9.26
90,Butaritari,KI,2022-41-04/08/22 22:41:53,3.0707,172.7902,80.62,81,100,12.82
91,Hilo,US,2022-38-04/08/22 22:38:43,19.7297,-155.09,73.26,78,100,5.75
92,San Patricio,US,2022-41-04/08/22 22:41:54,28.017,-97.5169,82.54,17,0,4.94
93,Cayenne,GF,2022-42-04/08/22 22:42:54,4.9333,-52.3333,82.09,1,75,8.05
94,Hay River,CA,2022-42-04/08/22 22:42:54,60.8156,-115.7999,33.78,93,100,11.5
95,Gari,RU,2022-42-04/08/22 22:42:55,59.4307,62.3497,26.19,96,90,3.38
96,Talnakh,RU,2022-42-04/08/22 22:42:55,69.4865,88.3972,-0.8,98,100,4.03
97,Wanning,CN,2022-42-04/08/22 22:42:56,18.8003,110.3967,65.55,82,81,5.99
98,Cabo San Lucas,MX,2022-38-04/08/22 22:38:08,22.8909,-109.9124,88.61,39,20,9.22
99,Ust-Tsilma,RU,2022-42-04/08/22 22:42:56,65.441,52.1498,15.28,95,17,5.84
100,Bredasdorp,ZA,2022-42-04/08/22 22:42:56,-34.5322,20.0403,58.93,70,36,15.46
101,Richards Bay,ZA,2022-42-04/08/22 22:42:57,-28.783,32.0377,64.74,90,100,2.15
102,Lebu,CL,2022-42-04/08/22 22:42:57,-37.6167,-73.65,55.15,84,34,8.7
103,Severomorsk,RU,2022-42-04/08/22 22:42:57,69.0689,33.4162,30.6,90,100,24.23
104,Bambous Virieux,MU,2022-42-04/08/22 22:42:58,-20.3428,57.7575,75.45,94,75,6.91
105,Ilulissat,GL,2022-42-04/08/22 22:42:58,69.2167,-51.1,15.82,79,75,0.0
106,Andradina,BR,2022-42-04/08/22 22:42:59,-20.8961,-51.3794,78.26,66,64,3.15
107,Portland,US,2022-39-04/08/22 22:39:07,45.5234,-122.6762,55.45,69,75,23.02
108,Rochegda,RU,2022-42-04/08/22 22:42:59,62.8,43.25,35.17,98,100,10.89
109,East London,ZA,2022-38-04/08/22 22:38:51,-33.0153,27.9116,62.24,78,100,7.81
110,Manicore,BR,2022-43-04/08/22 22:43:00,-5.8092,-61.3003,75.83,96,91,2.42
111,Bosaso,SO,2022-43-04/08/22 22:43:00,11.2842,49.1816,80.35,69,88,2.42
112,Teknaf,BD,2022-43-04/08/22 22:43:00,20.8624,92.3058,75.29,89,16,2.82
113,Yulara,AU,2022-43-04/08/22 22:43:01,-25.2406,130.9889,57.04,47,0,5.75
114,Tuktoyaktuk,CA,2022-43-04/08/22 22:43:01,69.4541,-133.0374,17.6,73,40,0.0
115,Bhadrapur,NP,2022-43-04/08/22 22:43:02,26.544,88.0944,73.42,70,3,12.3
116,Nome,US,2022-43-04/08/22 22:43:02,64.5011,-165.4064,13.15,85,100,11.5
117,Souillac,MU,2022-43-04/08/22 22:43:02,-20.5167,57.5167,75.58,94,75,6.91
118,Washington,US,2022-40-04/08/22 22:40:44,47.5001,-120.5015,54.77,41,3,16.53
119,Colares,PT,2022-43-04/08/22 22:43:03,38.7992,-9.4469,61.32,76,78,15.99
120,Oussouye,SN,2022-43-04/08/22 22:43:03,12.485,-16.5469,77.18,59,8,10.22
121,Carnarvon,AU,2022-43-04/08/22 22:43:04,-24.8667,113.6333,66.27,88,79,5.75
122,Santa Cruz,BO,2022-39-04/08/22 22:39:28,-17.8,-63.1667,84.25,70,75,12.66
123,Bangalore,IN,2022-40-04/08/22 22:40:17,12.9762,77.6033,73.22,78,62,6.67
124,Rio Grande,BR,2022-42-04/08/22 22:42:53,-32.035,-52.0986,66.31,82,0,10.76
125,Trowbridge,GB,2022-43-04/08/22 22:43:04,51.3189,-2.2086,41.52,84,100,5.91
126,Longyearbyen,SJ,2022-39-04/08/22 22:39:58,78.2186,15.6401,12.04,73,0,14.97
127,Burevestnik,RU,2022-43-04/08/22 22:43:05,56.144,43.7883,46.15,66,0,11.01
128,Pontes E Lacerda,BR,2022-43-04/08/22 22:43:05,-15.2261,-59.3353,79.3,77,35,3.96
129,Avera,US,2022-43-04/08/22 22:43:06,33.194,-82.5271,62.11,54,81,17.58
130,Arraial Do Cabo,BR,2022-41-04/08/22 22:41:24,-22.9661,-42.0278,76.86,83,0,13.8
131,Ponta Do Sol,PT,2022-43-04/08/22 22:43:06,32.6667,-17.1,60.71,71,56,1.48
132,Jamestown,US,2022-43-04/08/22 22:43:06,42.097,-79.2353,43.72,73,100,6.91
133,Leningradskiy,RU,2022-43-04/08/22 22:43:07,69.3833,178.4167,-5.98,77,89,3.76
134,Zhigansk,RU,2022-43-04/08/22 22:43:07,66.7697,123.3711,4.53,94,24,10.18
135,Victoria,HK,2022-40-04/08/22 22:40:40,22.2855,114.1577,70.32,78,0,15.01
136,Verkhoyansk,RU,2022-43-04/08/22 22:43:08,67.5447,133.385,10.24,94,100,2.19
137,Kodiak,US,2022-43-04/08/22 22:43:08,57.79,-152.4072,29.71,51,0,25.32
138,Pendleton,US,2022-41-04/08/22 22:41:52,45.6721,-118.7886,61.03,39,100,25.32
139,Sorland,NO,2022-43-04/08/22 22:43:09,67.667,12.6934,36.95,65,100,27.85
140,Sao Joao Da Barra,BR,2022-44-04/08/22 22:44:09,-21.6403,-41.0511,76.44,82,11,10.2
141,Amalapuram,IN,2022-44-04/08/22 22:44:10,16.5833,82.0167,76.42,94,81,2.68
142,Nikolayevsk-Na-Amure,RU,2022-44-04/08/22 22:44:10,53.1406,140.73,27.73,77,98,2.08
143,Kruisfontein,ZA,2022-44-04/08/22 22:44:10,-34.0033,24.7314,57.88,79,98,7.43
144,Coos Bay,US,2022-39-04/08/22 22:39:14,43.3665,-124.2179,57.31,80,100,12.66
145,Mahebourg,MU,2022-44-04/08/22 22:44:11,-20.4081,57.7,75.49,94,75,6.91
146,Hofn,IS,2022-44-04/08/22 22:44:11,64.2539,-15.2082,30.38,59,100,11.45
147,Narsaq,GL,2022-44-04/08/22 22:44:12,60.9167,-46.05,35.82,83,34,1.25
148,Khandyga,RU,2022-44-04/08/22 22:44:12,62.6667,135.6,13.01,96,95,0.58
149,Seoul,KR,2022-44-04/08/22 22:44:13,37.5683,126.9778,58.6,43,75,14.97
150,Atuona,PF,2022-42-04/08/22 22:42:02,-9.8,-139.0333,79.7,78,60,16.98
151,Port Hardy,CA,2022-44-04/08/22 22:44:13,50.6996,-127.4199,46.58,81,75,6.91
152,Sabha,LY,2022-44-04/08/22 22:44:13,27.0377,14.4283,72.55,24,28,12.86
153,Fairbanks,US,2022-40-04/08/22 22:40:02,64.8378,-147.7164,17.6,58,100,10.36
154,Nemuro,JP,2022-44-04/08/22 22:44:14,43.3236,145.575,37.96,79,99,19.66
155,Mazatlan,MX,2022-44-04/08/22 22:44:06,23.2167,-106.4167,76.91,78,31,5.99
156,Meulaboh,ID,2022-44-04/08/22 22:44:14,4.1363,96.1285,75.88,87,83,4.09
157,Tasiilaq,GL,2022-44-04/08/22 22:44:15,65.6145,-37.6368,19.56,95,100,6.91
158,Alofi,NU,2022-44-04/08/22 22:44:15,-19.0595,-169.9187,85.89,70,49,10.36
159,Scarborough,GB,2022-44-04/08/22 22:44:15,54.2797,-0.4044,37.17,82,7,4.0
160,Koumra,TD,2022-44-04/08/22 22:44:16,8.9126,17.5539,85.14,38,7,4.29
161,Tarbagatay,RU,2022-44-04/08/22 22:44:16,51.4803,107.3602,33.33,85,100,5.77
162,Jablonec,SK,2022-44-04/08/22 22:44:17,48.3333,17.45,53.06,87,100,7.83
163,Palana,RU,2022-44-04/08/22 22:44:17,59.1167,159.9667,23.58,89,100,12.57
164,Korla,CN,2022-44-04/08/22 22:44:17,41.7597,86.1469,67.82,21,99,8.59
165,Hithadhoo,MV,2022-44-04/08/22 22:44:18,-0.6,73.0833,82.99,71,64,8.86
166,Bethel,US,2022-44-04/08/22 22:44:18,41.3712,-73.414,60.76,52,39,6.76
167,Saryozek,KZ,2022-44-04/08/22 22:44:19,44.3583,77.9753,50.05,69,56,5.01
168,Narsipatnam,IN,2022-44-04/08/22 22:44:19,17.6667,82.6167,76.17,74,50,3.4
169,Atar,MR,2022-44-04/08/22 22:44:19,20.5169,-13.0499,76.69,14,0,8.39
170,Bandarbeyla,SO,2022-44-04/08/22 22:44:20,9.4942,50.8122,79.56,83,46,5.53
171,Pemangkat,ID,2022-44-04/08/22 22:44:20,1.1667,108.9667,77.07,85,94,0.96
172,Georgetown,MY,2022-44-04/08/22 22:44:21,5.4112,100.3354,78.73,93,20,3.44
173,Tuatapere,NZ,2022-44-04/08/22 22:44:21,-46.1333,167.6833,56.95,58,29,2.71
174,Nikolskoye,RU,2022-44-04/08/22 22:44:22,59.7035,30.7861,37.29,94,100,5.55
175,Khilok,RU,2022-44-04/08/22 22:44:22,51.3674,110.4676,32.54,95,100,3.56
176,Banda Aceh,ID,2022-44-04/08/22 22:44:22,5.5577,95.3222,79.36,79,82,4.74
177,Katsuura,JP,2022-44-04/08/22 22:44:23,35.1333,140.3,62.91,70,0,15.08
178,Omboue,GA,2022-44-04/08/22 22:44:23,-1.5746,9.2618,79.02,89,96,4.34
179,Cleburne,US,2022-44-04/08/22 22:44:23,32.3476,-97.3867,69.78,16,0,16.11
180,Vila Franca Do Campo,PT,2022-44-04/08/22 22:44:24,37.7167,-25.4333,63.01,89,95,28.68
181,Avarua,CK,2022-44-04/08/22 22:44:24,-21.2078,-159.775,86.05,74,20,12.66
182,Bayanday,RU,2022-44-04/08/22 22:44:25,53.0661,105.5139,32.88,84,100,9.06
183,Mareeba,AU,2022-45-04/08/22 22:45:25,-17.0,145.4333,78.44,84,22,2.51
184,Te Anau,NZ,2022-45-04/08/22 22:45:25,-45.4167,167.7167,54.16,60,13,0.13
185,Taoudenni,ML,2022-45-04/08/22 22:45:26,22.6783,-3.9836,82.09,9,0,13.18
186,Umtata,ZA,2022-45-04/08/22 22:45:26,-31.5889,28.7844,53.56,97,100,1.7
187,Bardiyah,LY,2022-45-04/08/22 22:45:26,31.7561,25.0865,58.35,77,0,7.9
188,Maneadero,MX,2022-41-04/08/22 22:41:23,31.7167,-116.5667,83.73,24,84,5.08
189,Ribeira Grande,PT,2022-45-04/08/22 22:45:27,38.5167,-28.7,59.74,82,96,29.26
190,Maceio,BR,2022-45-04/08/22 22:45:27,-9.6658,-35.7353,76.44,94,75,3.44
191,Waipawa,NZ,2022-45-04/08/22 22:45:28,-41.4122,175.5153,53.89,67,100,8.08
192,Kieta,PG,2022-45-04/08/22 22:45:28,-6.2167,155.6333,82.56,78,95,8.72
193,Hasaki,JP,2022-45-04/08/22 22:45:28,35.7333,140.8333,59.4,67,0,19.28
194,Ephrata,US,2022-45-04/08/22 22:45:29,40.1798,-76.1788,60.84,51,40,5.75
195,Touros,BR,2022-45-04/08/22 22:45:29,-5.1989,-35.4608,80.55,80,98,13.02
196,Abu Zabad,SD,2022-45-04/08/22 22:45:30,12.35,29.25,88.95,26,49,3.62
197,Severo-Kurilsk,RU,2022-45-04/08/22 22:45:30,50.6789,156.125,32.25,72,59,15.28
198,Cap Malheureux,MU,2022-45-04/08/22 22:45:30,-19.9842,57.6142,75.47,91,62,5.01
199,Bintulu,MY,2022-45-04/08/22 22:45:31,3.1667,113.0333,73.81,100,40,7.0
200,Yellowknife,CA,2022-45-04/08/22 22:45:31,62.456,-114.3525,39.42,94,100,12.66
201,Dhidhdhoo,MV,2022-45-04/08/22 22:45:31,6.8833,73.1,83.05,71,91,3.09
202,Barrow,US,2022-45-04/08/22 22:45:32,71.2906,-156.7887,6.82,72,100,19.57
203,Acapulco,MX,2022-44-04/08/22 22:44:34,16.8634,-99.8901,84.47,54,68,9.37
204,Bolshevik,BY,2022-45-04/08/22 22:45:32,54.0065,27.5692,35.22,86,99,3.38
205,Cidreira,BR,2022-45-04/08/22 22:45:33,-30.1811,-50.2056,68.88,75,98,14.05
206,Penzance,GB,2022-45-04/08/22 22:45:33,50.1186,-5.5371,39.88,64,44,19.8
207,Enid,US,2022-45-04/08/22 22:45:33,36.3956,-97.8784,62.02,21,0,24.16
208,Dukat,RU,2022-45-04/08/22 22:45:34,62.55,155.55,15.12,88,92,3.15
209,Lata,PT,2022-45-04/08/22 22:45:34,40.1629,-8.3327,56.8,99,100,3.18
210,Luderitz,NA,2022-45-04/08/22 22:45:34,-26.6481,15.1594,62.02,66,0,10.47
211,Mayo,US,2022-45-04/08/22 22:45:35,38.8876,-76.5119,61.68,62,75,18.41
212,Geraldton,AU,2022-45-04/08/22 22:45:35,-28.7667,114.6,64.81,88,100,8.05
213,Sancti Spiritus,CU,2022-45-04/08/22 22:45:35,21.9297,-79.4425,79.12,73,100,8.3
214,Grand Gaube,MU,2022-45-04/08/22 22:45:36,-20.0064,57.6608,75.6,91,59,5.01
215,Balkhash,KZ,2022-45-04/08/22 22:45:36,46.844,74.9804,43.86,70,44,13.89
216,Berbera,SO,2022-45-04/08/22 22:45:37,10.4396,45.0143,79.77,82,63,1.3
217,Caruaru,BR,2022-45-04/08/22 22:45:37,-8.2833,-35.9761,70.14,95,41,6.11
218,Mandalgovi,MN,2022-45-04/08/22 22:45:37,45.7625,106.2708,47.03,32,58,13.78
219,Sangar,RU,2022-45-04/08/22 22:45:38,63.9242,127.4739,17.29,94,69,0.36
220,Saldanha,ZA,2022-45-04/08/22 22:45:38,-33.0117,17.9442,62.65,66,0,17.65
221,Airai,TL,2022-45-04/08/22 22:45:39,-8.9266,125.4092,62.83,69,95,2.17
222,Lianzhou,CN,2022-45-04/08/22 22:45:39,24.7811,112.3825,64.04,69,0,1.9
223,Mecca,SA,2022-42-04/08/22 22:42:18,21.4267,39.8261,77.61,37,0,1.16
224,Torbay,CA,2022-43-04/08/22 22:43:16,47.6666,-52.7314,32.77,88,75,9.22
225,Koumac,NC,2022-45-04/08/22 22:45:40,-20.5667,164.2833,82.63,71,88,5.23
226,Pisco,PE,2022-44-04/08/22 22:44:50,-13.7,-76.2167,69.85,78,0,9.22
227,Okhotsk,RU,2022-44-04/08/22 22:44:46,59.3833,143.3,20.05,89,95,8.77
228,Honiara,SB,2022-45-04/08/22 22:45:40,-9.4333,159.95,85.89,66,74,7.52
229,Puerto Ayacucho,VE,2022-45-04/08/22 22:45:40,5.6639,-67.6236,84.06,67,88,5.64
230,Petropavlovsk-Kamchatskiy,RU,2022-44-04/08/22 22:44:23,53.0452,158.6483,32.59,93,100,11.18
231,Cherskiy,RU,2022-46-04/08/22 22:46:41,68.75,161.3,-9.76,81,5,3.27
232,Coquimbo,CL,2022-43-04/08/22 22:43:16,-29.9533,-71.3436,56.93,94,75,9.22
233,Kayerkan,RU,2022-46-04/08/22 22:46:42,69.3497,87.7602,-1.48,84,100,2.21
234,Margate,GB,2022-46-04/08/22 22:46:42,51.3813,1.3862,43.7,66,99,1.99
235,Owando,CG,2022-46-04/08/22 22:46:42,-0.4819,15.8999,71.29,94,100,1.74
236,Nova Odesa,UA,2022-46-04/08/22 22:46:43,47.3078,31.7851,49.28,77,73,4.0
237,Marsh Harbour,BS,2022-46-04/08/22 22:46:43,26.5412,-77.0636,73.94,63,53,15.64
238,Tuy Hoa,VN,2022-46-04/08/22 22:46:44,13.0833,109.3,70.14,90,85,6.58
239,Tezu,IN,2022-46-04/08/22 22:46:44,27.9167,96.1667,66.94,81,100,3.31
240,Road Town,VG,2022-46-04/08/22 22:46:44,18.4167,-64.6167,80.69,73,20,12.66
241,Waingapu,ID,2022-46-04/08/22 22:46:45,-9.6567,120.2641,78.42,83,66,3.09
242,Padilla,CO,2022-46-04/08/22 22:46:45,3.2204,-76.3139,80.17,94,90,1.43
243,Arrecife,ES,2022-46-04/08/22 22:46:46,28.963,-13.5477,62.58,72,20,13.8
244,Gat,IL,2022-42-04/08/22 22:42:05,31.61,34.7642,60.4,100,2,4.85
245,Gucheng,CN,2022-46-04/08/22 22:46:46,35.9115,111.3192,63.86,39,11,1.99
246,Zyryanka,RU,2022-46-04/08/22 22:46:47,65.75,150.85,-4.32,88,100,17.36
247,Bagotville,AU,2022-46-04/08/22 22:46:47,-28.9833,153.4167,75.02,81,80,10.8
248,Wolfurt,AT,2022-46-04/08/22 22:46:47,47.4667,9.75,60.58,28,20,11.5
249,Paracuru,BR,2022-42-04/08/22 22:42:29,-3.41,-39.0306,80.11,84,81,8.03
250,Mineros,BO,2022-46-04/08/22 22:46:48,-17.1167,-63.2333,80.98,70,100,5.23
251,General Salgado,BR,2022-46-04/08/22 22:46:48,-20.6483,-50.3606,73.85,82,75,2.77
252,Shasta Lake,US,2022-46-04/08/22 22:46:49,40.6804,-122.3708,85.55,14,48,1.99
253,Altay,CN,2022-46-04/08/22 22:46:49,47.8667,88.1167,36.61,81,51,4.45
254,Cosenza,IT,2022-46-04/08/22 22:46:49,39.31,16.2502,54.63,66,0,13.8
255,Estelle,US,2022-46-04/08/22 22:46:50,29.8458,-90.1067,71.01,27,0,10.36
256,Cambara,BR,2022-46-04/08/22 22:46:50,-23.0464,-50.0736,71.67,92,97,4.07
257,Anori,BR,2022-46-04/08/22 22:46:50,-3.7728,-61.6442,76.41,92,78,2.95
258,Rafai,CF,2022-46-04/08/22 22:46:51,4.95,23.9167,70.59,81,66,2.08
259,Boende,CD,2022-46-04/08/22 22:46:51,-0.2167,20.8667,66.36,93,54,3.67
260,Sisimiut,GL,2022-46-04/08/22 22:46:51,66.9395,-53.6735,12.33,94,93,7.38
261,Beringovskiy,RU,2022-44-04/08/22 22:44:58,63.05,179.3167,8.76,83,98,3.47
262,Padang,ID,2022-46-04/08/22 22:46:52,-0.9492,100.3543,76.95,82,61,3.0
263,Binabalian,PH,2022-46-04/08/22 22:46:52,16.4202,119.9279,80.6,75,22,13.56
264,Asau,RO,2022-46-04/08/22 22:46:52,46.4333,26.4,49.95,76,100,5.01
265,Sarakhs,IR,2022-46-04/08/22 22:46:53,36.5449,61.1577,59.14,63,78,2.3
266,Araguaina,BR,2022-43-04/08/22 22:43:50,-7.1911,-48.2072,74.52,91,94,4.0
267,Trairi,BR,2022-46-04/08/22 22:46:53,-3.2778,-39.2689,78.01,86,55,6.46
268,Djenne,ML,2022-46-04/08/22 22:46:54,13.9061,-4.5533,91.81,9,3,7.96
269,Kimbe,PG,2022-46-04/08/22 22:46:54,-5.5502,150.1429,75.78,97,100,5.88
270,Norman Wells,CA,2022-42-04/08/22 22:42:04,65.282,-126.8329,39.24,45,40,3.44
271,Phalaborwa,ZA,2022-46-04/08/22 22:46:54,-23.943,31.1411,65.48,84,89,12.06
272,Srivardhan,IN,2022-46-04/08/22 22:46:55,18.0333,73.0167,77.95,83,1,4.14
273,Cabedelo,BR,2022-46-04/08/22 22:46:55,-6.9811,-34.8339,81.27,76,71,10.98
274,San Cristobal,VE,2022-46-04/08/22 22:46:55,7.7669,-72.225,78.98,81,98,2.55
275,San Carlos,VE,2022-46-04/08/22 22:46:56,9.6612,-68.5827,89.49,31,73,2.8
276,Kisanga,TZ,2022-46-04/08/22 22:46:56,-7.4362,37.7034,73.98,85,50,2.08
277,Ponnani,IN,2022-46-04/08/22 22:46:57,10.767,75.9252,74.52,87,100,0.89
278,Abu Dhabi,AE,2022-43-04/08/22 22:43:35,24.4667,54.3667,78.96,67,0,2.3
279,Vao,NC,2022-47-04/08/22 22:47:57,-22.6667,167.4833,77.67,88,10,25.81
280,Anshun,CN,2022-47-04/08/22 22:47:58,26.25,105.9333,54.54,76,62,3.58
281,College,US,2022-45-04/08/22 22:45:40,64.8569,-147.8028,16.2,56,75,10.36
282,Los Llanos De Aridane,ES,2022-47-04/08/22 22:47:58,28.6585,-17.9182,60.55,87,100,10.36
283,Onguday,RU,2022-47-04/08/22 22:47:58,50.75,86.15,34.16,86,62,4.21
284,Rayong,TH,2022-47-04/08/22 22:47:59,12.8333,101.4333,80.96,99,32,2.3
285,Qingyuan,CN,2022-47-04/08/22 22:47:59,23.7,113.0333,67.98,67,0,1.7
286,Marawi,PH,2022-47-04/08/22 22:47:59,7.9986,124.2928,68.95,99,100,2.53
287,Nouakchott,MR,2022-48-04/08/22 22:48:00,18.0858,-15.9785,75.13,55,2,16.04
288,Kampot,KH,2022-48-04/08/22 22:48:00,10.6167,104.1833,75.25,76,100,3.09
289,Sao Jose Da Coroa Grande,BR,2022-48-04/08/22 22:48:00,-8.8978,-35.1478,79.05,83,21,5.75
290,Brigham City,US,2022-45-04/08/22 22:45:59,41.5102,-112.0155,71.62,16,0,11.01
291,Olafsvik,IS,2022-48-04/08/22 22:48:01,64.8945,-23.7142,33.64,62,100,12.24
292,Ancud,CL,2022-48-04/08/22 22:48:01,-41.8697,-73.8203,53.22,78,42,4.23
293,Alenquer,BR,2022-48-04/08/22 22:48:02,-1.9417,-54.7383,74.32,96,83,4.54
294,Varnavino,RU,2022-48-04/08/22 22:48:02,57.4035,45.0916,38.46,92,95,10.69
295,Wanaka,NZ,2022-48-04/08/22 22:48:02,-44.7,169.15,51.12,70,2,1.01
296,Diamantina,BR,2022-48-04/08/22 22:48:03,-18.2494,-43.6003,70.21,71,100,2.3
297,Hualmay,PE,2022-48-04/08/22 22:48:03,-11.0964,-77.6139,69.08,83,81,6.98
298,Iqaluit,CA,2022-48-04/08/22 22:48:03,63.7506,-68.5145,19.13,73,100,8.05
299,Itarema,BR,2022-48-04/08/22 22:48:04,-2.9248,-39.9167,77.83,87,48,8.7
300,Qaqortoq,GL,2022-48-04/08/22 22:48:04,60.7167,-46.0333,25.79,84,8,2.86
301,Charlottetown,CA,2022-47-04/08/22 22:47:44,46.2352,-63.1267,43.77,81,100,23.02
302,Neiafu,TO,2022-48-04/08/22 22:48:05,-18.65,-173.9833,86.68,74,40,9.22
303,Vaitape,PF,2022-48-04/08/22 22:48:05,-16.5167,-151.75,81.99,74,100,17.58
304,Grindavik,IS,2022-48-04/08/22 22:48:05,63.8424,-22.4338,32.47,59,0,3.44
305,Batagay,RU,2022-48-04/08/22 22:48:06,67.6333,134.6333,9.23,94,100,2.62
306,Berezovyy,RU,2022-48-04/08/22 22:48:06,51.6667,135.7,26.51,88,100,2.1
307,Ostrovnoy,RU,2022-48-04/08/22 22:48:07,68.0531,39.5131,32.16,95,100,20.15
308,Zemio,CF,2022-48-04/08/22 22:48:07,5.0314,25.1361,73.02,81,94,1.01
309,Joinville,BR,2022-44-04/08/22 22:44:53,-26.3044,-48.8456,73.11,94,75,3.44
310,Porto Novo,BJ,2022-48-04/08/22 22:48:07,6.4965,2.6036,80.42,84,83,7.4
311,Lorengau,PG,2022-48-04/08/22 22:48:08,-2.0226,147.2712,77.97,89,100,5.26
312,Charters Towers,AU,2022-48-04/08/22 22:48:08,-20.1,146.2667,79.48,62,21,13.22
313,Udachnyy,RU,2022-48-04/08/22 22:48:09,66.4167,112.4,-1.98,100,100,2.73
314,Malinao,PH,2022-48-04/08/22 22:48:09,7.5917,124.6889,69.46,95,100,2.24
315,Nosy Varika,MG,2022-48-04/08/22 22:48:09,-20.5833,48.5333,75.58,77,80,4.81
316,Waddan,LY,2022-48-04/08/22 22:48:10,29.1614,16.139,67.33,30,22,14.63
317,Wajima,JP,2022-48-04/08/22 22:48:10,37.4,136.9,53.91,62,0,11.97
318,Adrar,MR,2022-48-04/08/22 22:48:11,20.5022,-10.0711,75.67,11,0,10.47
319,Kaa-Khem,RU,2022-48-04/08/22 22:48:11,51.6833,94.7333,34.36,69,49,8.57
320,Pedreiras,BR,2022-48-04/08/22 22:48:11,-4.5688,-44.6003,74.39,97,90,2.08
321,Bontang,ID,2022-48-04/08/22 22:48:12,0.1333,117.5,76.15,88,95,11.79
322,Desna,UA,2022-48-04/08/22 22:48:12,50.9273,30.7605,42.85,84,40,6.58
323,Nouadhibou,MR,2022-48-04/08/22 22:48:13,20.931,-17.0347,66.18,72,0,17.27
324,Tuyen Quang,VN,2022-48-04/08/22 22:48:13,21.8233,105.2181,64.8,79,0,1.81
325,Puksoozero,RU,2022-48-04/08/22 22:48:14,62.5903,40.6066,37.56,98,100,10.42
326,Fare,PF,2022-48-04/08/22 22:48:14,-16.7,-151.0167,82.2,74,100,16.82
327,Paamiut,GL,2022-48-04/08/22 22:48:15,61.994,-49.6678,23.9,86,99,12.5
328,Fairlie,GB,2022-49-04/08/22 22:49:15,55.756,-4.8556,39.11,78,4,13.09
329,Zyryanovsk,KZ,2022-49-04/08/22 22:49:15,49.7386,84.2719,31.53,98,68,2.17
330,Praia,CV,2022-49-04/08/22 22:49:16,14.9215,-23.5087,73.94,64,0,17.27
331,Komsomolskiy,UZ,2022-49-04/08/22 22:49:16,40.4272,71.7189,63.32,51,90,6.91
332,Palmer,US,2022-49-04/08/22 22:49:17,42.1584,-72.3287,60.35,56,75,6.91
333,Swan Hill,AU,2022-49-04/08/22 22:49:17,-35.3378,143.5544,65.57,79,49,13.09
334,Tweed,CA,2022-46-04/08/22 22:46:35,44.4751,-77.3162,50.05,54,57,10.58
335,Constantine,DZ,2022-49-04/08/22 22:49:17,36.365,6.6147,49.41,76,0,1.14
336,Isangel,VU,2022-49-04/08/22 22:49:18,-19.55,169.2667,84.4,74,99,11.95
337,Arman,RU,2022-49-04/08/22 22:49:18,59.7,150.1667,23.02,85,74,4.52
338,Varhaug,NO,2022-49-04/08/22 22:49:18,58.6147,5.6457,37.47,65,13,27.0
339,Vanimo,PG,2022-49-04/08/22 22:49:19,-2.6741,141.3028,78.84,88,99,3.53
340,Santa Rosa,PH,2022-49-04/08/22 22:49:19,14.3122,121.1114,82.02,76,94,8.41
341,Banjar,ID,2022-49-04/08/22 22:49:19,-8.19,114.9675,76.55,89,82,5.32
342,Kokopo,PG,2022-49-04/08/22 22:49:20,-4.352,152.2633,80.46,79,96,10.83
343,Baykit,RU,2022-49-04/08/22 22:49:20,61.67,96.37,4.69,98,93,2.89
344,Gazimurskiy Zavod,RU,2022-49-04/08/22 22:49:20,51.5461,118.3266,30.42,56,33,2.86
345,Kultuk,RU,2022-49-04/08/22 22:49:20,51.7208,103.6956,35.91,99,100,2.95
346,Lusambo,CD,2022-49-04/08/22 22:49:21,-4.9667,23.45,68.02,99,100,1.21
347,Santa Cruz De La Palma,ES,2022-49-04/08/22 22:49:21,28.6835,-17.7642,64.54,59,100,10.36
348,Burnie,AU,2022-49-04/08/22 22:49:22,-41.0667,145.9167,64.92,88,100,11.95
349,Port Hedland,AU,2022-49-04/08/22 22:49:23,-20.3167,118.5667,77.05,94,12,0.0
350,Novoagansk,RU,2022-49-04/08/22 22:49:23,61.9449,76.6625,-2.15,98,27,7.54
351,Mehamn,NO,2022-49-04/08/22 22:49:24,71.0357,27.8492,35.51,75,40,14.97
352,Arys,KZ,2022-49-04/08/22 22:49:24,42.4252,68.795,63.88,57,100,4.99
353,Zvishavane,ZW,2022-49-04/08/22 22:49:24,-20.3267,30.0665,62.69,93,99,9.24
354,Hobyo,SO,2022-49-04/08/22 22:49:25,5.3505,48.5268,81.84,78,65,10.92
355,Denia,ES,2022-49-04/08/22 22:49:25,38.8408,0.1057,67.32,58,98,16.51
356,Kavaratti,IN,2022-49-04/08/22 22:49:25,10.5669,72.642,82.81,72,100,2.26
357,Slonim,BY,2022-49-04/08/22 22:49:26,53.0867,25.3219,38.95,90,100,6.33
358,Reconquista,AR,2022-49-04/08/22 22:49:26,-29.15,-59.65,71.71,84,99,4.54
359,Lagoa,PT,2022-49-04/08/22 22:49:26,39.05,-27.9833,57.85,87,83,31.52
360,Dnipryany,UA,2022-49-04/08/22 22:49:27,46.7463,33.2729,45.86,86,72,3.49
361,Clyde River,CA,2022-49-04/08/22 22:49:27,70.4692,-68.5914,1.63,78,0,6.91
362,Tikhvin,RU,2022-49-04/08/22 22:49:28,59.6451,33.5294,40.21,97,100,7.43
363,Mount Isa,AU,2022-49-04/08/22 22:49:28,-20.7333,139.5,78.57,41,35,8.05
364,Talgar,KZ,2022-49-04/08/22 22:49:28,43.3027,77.2395,44.76,87,20,4.47
365,Tarija,BO,2022-49-04/08/22 22:49:29,-21.5355,-64.7296,67.91,77,75,8.05
366,Port Shepstone,ZA,2022-49-04/08/22 22:49:29,-30.7414,30.455,63.52,87,97,2.95
367,Kavieng,PG,2022-49-04/08/22 22:49:29,-2.5744,150.7967,79.61,82,100,6.85
368,Dicabisagan,PH,2022-49-04/08/22 22:49:30,17.0818,122.4157,75.7,89,62,2.35
369,Port-Cartier,CA,2022-47-04/08/22 22:47:02,50.0334,-66.8654,33.91,97,100,26.33
370,Callaway,US,2022-49-04/08/22 22:49:30,30.153,-85.5699,66.97,43,5,13.0
371,Valparaiso,CL,2022-49-04/08/22 22:49:31,-33.0393,-71.6273,62.83,80,100,11.5
372,Palma Del Rio,ES,2022-49-04/08/22 22:49:31,37.7002,-5.2812,57.52,83,100,2.77
373,Chatellerault,FR,2022-50-04/08/22 22:50:32,46.8,0.5333,43.52,53,99,7.47
374,Ouadda,CF,2022-50-04/08/22 22:50:33,8.0777,22.4007,75.02,47,36,4.16
375,Atasu,KZ,2022-50-04/08/22 22:50:33,48.6814,71.6433,38.88,80,11,8.08
376,Vostok,RU,2022-50-04/08/22 22:50:33,46.4856,135.8833,36.81,85,81,1.41
377,Shahrud,IR,2022-50-04/08/22 22:50:34,36.4182,54.9763,62.58,31,67,4.05
378,Sitka,US,2022-47-04/08/22 22:47:42,57.0531,-135.33,42.69,56,75,10.36
379,Yangambi,CD,2022-50-04/08/22 22:50:34,0.8102,24.4336,67.33,95,68,2.06
380,Eydhafushi,MV,2022-50-04/08/22 22:50:35,5.1033,73.0708,83.77,68,46,6.49
381,La Ronge,CA,2022-50-04/08/22 22:50:35,55.1001,-105.2842,46.62,42,100,19.57
382,Dickinson,US,2022-50-04/08/22 22:50:35,29.4608,-95.0513,76.01,22,0,20.71
383,Kuruman,ZA,2022-50-04/08/22 22:50:36,-27.4524,23.4325,57.99,72,39,10.85
384,Samarai,PG,2022-50-04/08/22 22:50:36,-10.6167,150.6667,82.53,76,99,15.39
385,Sioux Lookout,CA,2022-45-04/08/22 22:45:50,50.1001,-91.917,41.07,30,20,14.97
386,Oistins,BB,2022-49-04/08/22 22:49:08,13.0667,-59.5333,78.89,73,40,13.8
387,Tres Arroyos,AR,2022-50-04/08/22 22:50:37,-38.3739,-60.2798,65.68,73,99,3.29
388,Tocopilla,CL,2022-50-04/08/22 22:50:37,-22.092,-70.1979,69.08,68,66,8.99
389,Uruzgan,AF,2022-50-04/08/22 22:50:38,32.8333,66.0,63.36,19,0,2.53
390,Myitkyina,MM,2022-50-04/08/22 22:50:38,25.3833,97.4,65.84,80,37,3.47
391,Tarata,BO,2022-50-04/08/22 22:50:39,-17.6167,-66.0167,69.22,71,99,5.14
392,Vestmannaeyjar,IS,2022-50-04/08/22 22:50:39,63.4427,-20.2734,35.13,55,100,3.51
393,Yatou,CN,2022-50-04/08/22 22:50:39,37.15,122.3833,54.48,81,15,13.31
394,Salta,AR,2022-48-04/08/22 22:48:41,-24.7859,-65.4117,70.39,73,75,4.61
395,Alyangula,AU,2022-50-04/08/22 22:50:40,-13.8483,136.4192,71.47,94,100,3.44
396,Clarksburg,US,2022-50-04/08/22 22:50:40,39.2807,-80.3445,46.42,73,100,6.91
397,Chara,RU,2022-50-04/08/22 22:50:40,56.9064,118.2631,18.9,77,100,1.48
398,The Valley,AI,2022-50-04/08/22 22:50:41,18.217,-63.0578,80.74,65,40,14.97
399,Mizque,BO,2022-50-04/08/22 22:50:41,-17.941,-65.3402,64.92,78,95,4.56
400,Ustye,RU,2022-50-04/08/22 22:50:42,59.6304,39.736,39.79,93,100,13.27
401,Hamilton,US,2022-50-04/08/22 22:50:08,39.1834,-84.5333,47.23,76,75,18.41
402,Sanawad,IN,2022-50-04/08/22 22:50:42,22.1833,76.0667,87.35,19,1,6.8
403,Port-Gentil,GA,2022-50-04/08/22 22:50:42,-0.7193,8.7815,80.87,88,66,11.5
404,Carroll,US,2022-50-04/08/22 22:50:43,39.5501,-77.0164,60.12,84,80,5.41
405,Ust-Kuyga,RU,2022-50-04/08/22 22:50:43,70.0167,135.6,1.22,97,88,3.11
406,Sao Filipe,CV,2022-50-04/08/22 22:50:44,14.8961,-24.4956,75.92,61,9,13.71
407,Ushtobe,KZ,2022-50-04/08/22 22:50:44,45.2514,77.9838,52.7,61,100,16.62
408,Marsa Matruh,EG,2022-50-04/08/22 22:50:44,31.3525,27.2453,61.0,72,75,11.5
409,Areosa,PT,2022-50-04/08/22 22:50:45,41.7178,-8.8571,52.83,90,45,3.29
410,Auki,SB,2022-50-04/08/22 22:50:45,-8.7676,160.7034,83.55,70,74,4.34
411,Mopti,ML,2022-50-04/08/22 22:50:45,14.6667,-4.0,91.18,10,4,8.88
412,Aklavik,CA,2022-50-04/08/22 22:50:46,68.2191,-135.0107,35.6,44,20,10.36
413,Klaksvik,FO,2022-50-04/08/22 22:50:46,62.2266,-6.589,34.72,64,100,23.15
414,Saint-Joseph,RE,2022-50-04/08/22 22:50:47,-21.3667,55.6167,75.58,84,45,11.81
415,Fortuna,US,2022-51-04/08/22 22:51:47,40.5982,-124.1573,57.92,61,0,23.02
416,Faya,SA,2022-51-04/08/22 22:51:47,18.3851,42.4509,60.91,41,0,2.26
417,Coihaique,CL,2022-48-04/08/22 22:48:10,-45.5752,-72.0662,57.81,71,0,6.91
418,Teya,RU,2022-51-04/08/22 22:51:48,60.3778,92.6267,19.63,99,100,2.01
419,Lae,PG,2022-51-04/08/22 22:51:48,-6.7221,146.9847,75.87,96,100,1.92
420,Antofagasta,CL,2022-51-04/08/22 22:51:43,-23.65,-70.4,63.68,82,45,6.44
421,Melbu,NO,2022-51-04/08/22 22:51:49,68.5044,14.8297,33.62,60,20,12.66
422,Rurrenabaque,BO,2022-51-04/08/22 22:51:49,-14.4413,-67.5278,74.68,97,100,0.89
423,Okha,RU,2022-51-04/08/22 22:51:49,53.5739,142.9478,23.43,81,79,5.7
424,Carman,CA,2022-46-04/08/22 22:46:59,49.4992,-98.0016,43.14,42,56,4.61
425,Kamphaeng Phet,TH,2022-51-04/08/22 22:51:50,16.25,99.5,76.84,49,93,2.86
426,Husavik,IS,2022-51-04/08/22 22:51:50,66.0449,-17.3389,21.97,79,96,3.67
427,Khorixas,NA,2022-47-04/08/22 22:47:31,-20.3667,14.9667,72.45,44,0,1.88
428,Roald,NO,2022-51-04/08/22 22:51:51,62.5833,6.1333,39.76,75,40,11.5
429,Wilmington,US,2022-48-04/08/22 22:48:51,34.2257,-77.9447,66.99,42,23,7.0
430,Mangai,CD,2022-51-04/08/22 22:51:51,-4.05,19.5333,70.14,99,87,3.38
431,Pangnirtung,CA,2022-51-04/08/22 22:51:51,66.1451,-65.7125,12.2,85,75,16.11
432,Copiapo,CL,2022-51-04/08/22 22:51:52,-27.3667,-70.3333,60.49,41,0,4.07
433,Nyakabindi,TZ,2022-51-04/08/22 22:51:52,-2.6333,33.9833,63.19,88,14,4.83
434,Zaragoza,ES,2022-51-04/08/22 22:51:52,41.6561,-0.8773,57.85,67,100,11.5
435,Piranhas,BR,2022-51-04/08/22 22:51:53,-16.4269,-51.8222,79.05,68,27,1.86
436,Henties Bay,NA,2022-51-04/08/22 22:51:53,-22.116,14.2845,61.09,83,0,9.19
437,Wamba,NG,2022-51-04/08/22 22:51:54,8.9333,8.6,77.97,68,91,3.94
438,Sorong,ID,2022-51-04/08/22 22:51:54,-0.8833,131.25,79.18,84,100,9.53
439,Tautira,PF,2022-51-04/08/22 22:51:54,-17.7333,-149.15,81.52,75,100,17.22
440,Saint-Augustin,CA,2022-49-04/08/22 22:49:44,51.226,-58.6502,31.3,94,100,10.85
441,Ahipara,NZ,2022-51-04/08/22 22:51:55,-35.1667,173.1667,68.9,51,26,8.08
442,Necochea,AR,2022-51-04/08/22 22:51:55,-38.5473,-58.7368,60.91,94,8,8.14
443,Rypefjord,NO,2022-51-04/08/22 22:51:56,70.6333,23.6667,32.47,74,40,23.02
444,Comodoro Rivadavia,AR,2022-51-04/08/22 22:51:56,-45.8667,-67.5,55.26,82,20,4.61
445,Oriximina,BR,2022-51-04/08/22 22:51:56,-1.7656,-55.8661,76.01,94,90,4.65
446,Marienburg,PL,2022-51-04/08/22 22:51:57,54.0359,19.0266,38.12,84,78,7.9
447,Salinopolis,BR,2022-51-04/08/22 22:51:57,-0.6136,-47.3561,76.53,89,100,6.85
448,Grand Forks,US,2022-51-04/08/22 22:51:57,47.9417,-97.4337,44.33,49,75,18.41
449,Port Hawkesbury,CA,2022-51-04/08/22 22:51:58,45.6169,-61.3485,37.9,97,100,24.16
450,Calama,CL,2022-50-04/08/22 22:50:43,-22.4667,-68.9333,72.09,13,0,20.71
451,Shar,KZ,2022-51-04/08/22 22:51:58,49.5886,81.0453,38.53,88,92,7.47
452,Atambua,ID,2022-51-04/08/22 22:51:58,-9.1061,124.8925,74.34,82,91,3.85
453,Ponta Delgada,PT,2022-51-04/08/22 22:51:59,37.7333,-25.6667,63.32,82,75,28.77
454,Kismayo,SO,2022-51-04/08/22 22:51:59,-0.3582,42.5454,79.88,78,9,11.52
455,Gunnedah,AU,2022-51-04/08/22 22:51:59,-30.9833,150.25,67.21,69,5,9.93
456,Havre,FR,2022-52-04/08/22 22:52:00,49.5833,0.3333,44.37,81,100,16.11
457,Ust-Nera,RU,2022-52-04/08/22 22:52:00,64.5667,143.2,19.56,92,100,4.59
458,Cap-Aux-Meules,CA,2022-48-04/08/22 22:48:01,47.3821,-61.8597,33.85,86,75,21.85
459,Papillion,US,2022-48-04/08/22 22:48:52,41.1544,-96.0422,53.73,28,0,21.0
460,Salalah,OM,2022-52-04/08/22 22:52:01,17.0151,54.0924,80.04,58,100,1.88
461,Chippewa Falls,US,2022-50-04/08/22 22:50:12,44.9369,-91.3929,46.58,53,100,14.97
462,Pacific Grove,US,2022-51-04/08/22 22:51:51,36.6177,-121.9166,75.02,63,0,10.36
463,Vidim,RU,2022-53-04/08/22 22:53:01,56.4088,103.1106,28.24,90,100,3.0
464,Camacha,PT,2022-53-04/08/22 22:53:02,33.0833,-16.3333,56.62,72,20,2.3
465,Otjiwarongo,NA,2022-53-04/08/22 22:53:02,-20.4637,16.6477,67.05,47,56,4.05
466,Bilma,NE,2022-53-04/08/22 22:53:02,18.6853,12.9164,85.1,6,0,4.74
467,Umm Kaddadah,SD,2022-53-04/08/22 22:53:03,13.6017,26.6876,82.56,18,0,8.68
468,San Luis,AR,2022-53-04/08/22 22:53:03,-33.295,-66.3356,72.52,44,67,4.0
469,Linqing,CN,2022-53-04/08/22 22:53:03,36.8456,115.7117,64.71,66,65,9.93
470,Mangrol,IN,2022-53-04/08/22 22:53:04,21.1167,70.1167,81.46,54,4,11.59
471,Deputatskiy,RU,2022-53-04/08/22 22:53:04,69.3,139.9,-3.15,98,100,4.09
472,Demerval Lobao,BR,2022-53-04/08/22 22:53:05,-5.3583,-42.6764,80.01,92,69,0.51
473,Tianpeng,CN,2022-53-04/08/22 22:53:05,30.9866,103.9393,61.27,63,100,3.24
474,Kandy,LK,2022-53-04/08/22 22:53:05,7.2955,80.6356,68.41,90,65,1.88
475,Ozieri,IT,2022-53-04/08/22 22:53:06,40.586,9.0012,48.25,97,46,6.76
476,Tiarei,PF,2022-53-04/08/22 22:53:06,-17.5333,-149.3333,86.02,76,100,18.34
477,Breda,IT,2022-53-04/08/22 22:53:06,45.7225,12.3308,57.2,84,75,2.3
478,Renukut,IN,2022-53-04/08/22 22:53:07,24.2,83.0333,74.12,13,0,4.14
479,Tazmalt,DZ,2022-53-04/08/22 22:53:07,36.3868,4.3989,55.72,65,1,3.87
480,Kloulklubed,PW,2022-53-04/08/22 22:53:08,7.0419,134.2556,77.5,84,100,17.13
481,Vryburg,ZA,2022-53-04/08/22 22:53:08,-26.9566,24.7284,57.97,71,80,6.91
482,Douala,CM,2022-53-04/08/22 22:53:08,4.0483,9.7043,74.03,92,100,1.92
483,Oga,IT,2022-53-04/08/22 22:53:09,46.4631,10.347,43.81,97,100,7.63
484,Namibe,AO,2022-53-04/08/22 22:53:09,-15.1961,12.1522,71.73,76,4,7.2
485,Primorsko-Akhtarsk,RU,2022-53-04/08/22 22:53:09,46.0497,38.1747,47.44,91,97,21.21
486,Drayton Valley,CA,2022-52-04/08/22 22:52:23,53.2168,-114.9854,57.63,37,29,24.72
487,Neftcala,AZ,2022-53-04/08/22 22:53:10,39.3742,49.2472,55.31,73,31,4.7
488,Araruama,BR,2022-53-04/08/22 22:53:10,-22.8728,-42.3431,76.95,86,24,10.07
489,Cassilandia,BR,2022-53-04/08/22 22:53:10,-19.1133,-51.7342,76.42,76,83,3.65
490,Miles City,US,2022-53-04/08/22 22:53:11,46.4083,-105.8406,68.27,21,22,9.53
491,Kholm,RU,2022-53-04/08/22 22:53:11,59.2667,32.85,38.75,96,100,8.32
492,Andros Town,BS,2022-53-04/08/22 22:53:12,24.7,-77.7667,78.76,74,99,16.69
493,Abu Samrah,SY,2022-53-04/08/22 22:53:12,35.3029,37.1841,55.22,82,1,17.07
494,Araouane,ML,2022-53-04/08/22 22:53:12,18.9048,-3.5265,84.99,11,34,12.26
495,Gumdag,TM,2022-53-04/08/22 22:53:13,39.2061,54.5906,65.48,43,68,5.77
496,Tublay,PH,2022-53-04/08/22 22:53:13,16.5431,120.6096,67.71,82,40,3.27
497,Denpasar,ID,2022-50-04/08/22 22:50:09,-8.65,115.2167,80.26,88,75,2.3
498,Marzuq,YE,2022-53-04/08/22 22:53:14,14.4,46.4667,66.49,35,0,5.21
499,Ahuimanu,US,2022-53-04/08/22 22:53:14,21.4447,-157.8378,81.54,70,100,10.36
500,Miram Shah,PK,2022-53-04/08/22 22:53:15,33.0086,70.0697,74.05,15,23,9.8
501,Sinnamary,GF,2022-53-04/08/22 22:53:15,5.3833,-52.95,76.64,90,100,9.69
502,Itaqui,BR,2022-53-04/08/22 22:53:15,-29.1253,-56.5531,72.01,75,74,7.14
503,Fomboni,KM,2022-53-04/08/22 22:53:16,-12.28,43.7425,82.49,73,99,11.97
504,San Matias,BO,2022-53-04/08/22 22:53:16,-16.3667,-58.4,81.01,64,3,4.05
505,Treinta Y Tres,UY,2022-53-04/08/22 22:53:17,-33.2333,-54.3833,68.86,77,85,7.9
506,Evanston,US,2022-52-04/08/22 22:52:36,42.0411,-87.6901,38.55,91,100,6.91
507,Fuyu,CN,2022-53-04/08/22 22:53:17,45.1833,124.8167,49.71,34,0,8.97
508,Canora,CA,2022-54-04/08/22 22:54:18,51.6333,-102.4343,46.42,75,38,13.6
509,Borovskoy,KZ,2022-54-04/08/22 22:54:18,53.8,64.15,40.32,73,99,4.32
510,Warrnambool,AU,2022-54-04/08/22 22:54:18,-38.3833,142.4833,64.81,76,49,10.63
511,Novotroitskaya,RU,2022-54-04/08/22 22:54:19,45.3267,41.5253,50.47,78,70,20.22
512,Nalut,LY,2022-54-04/08/22 22:54:19,30.3333,10.85,68.81,23,51,16.26
513,Kailua,US,2022-54-04/08/22 22:54:20,21.4022,-157.7394,81.81,70,100,10.36
514,Hambantota,LK,2022-54-04/08/22 22:54:20,6.1241,81.1185,78.62,78,97,6.85
515,Prabumulih,ID,2022-54-04/08/22 22:54:21,-3.45,104.25,73.02,97,100,1.32
516,Kalininsk,RU,2022-54-04/08/22 22:54:21,51.5,44.4758,50.25,82,100,9.44
517,Beyneu,KZ,2022-51-04/08/22 22:51:43,45.3167,55.2,57.52,52,77,15.5
518,Dunedin,NZ,2022-52-04/08/22 22:52:39,-45.8742,170.5036,59.81,51,10,11.01
519,Esso,RU,2022-54-04/08/22 22:54:22,55.9333,158.7,25.74,92,100,0.85
520,Luena,AO,2022-54-04/08/22 22:54:23,-11.7833,19.9167,61.93,98,32,4.74
521,Ostersund,SE,2022-54-04/08/22 22:54:23,63.1792,14.6357,26.62,100,100,12.66
522,Dingle,PH,2022-54-04/08/22 22:54:24,10.9995,122.6711,76.32,88,100,4.34
523,Nizhniy Kuranakh,RU,2022-54-04/08/22 22:54:24,58.8353,125.4869,12.52,94,85,1.83
524,Kingston,JM,2022-54-04/08/22 22:54:24,17.997,-76.7936,81.55,82,40,23.02
525,Gao,ML,2022-54-04/08/22 22:54:25,16.6362,1.637,89.83,6,9,10.33
526,Shatura,RU,2022-54-04/08/22 22:54:25,55.5725,39.5368,45.64,87,100,11.48
527,Vardo,NO,2022-50-04/08/22 22:50:21,70.3705,31.1107,34.21,85,100,29.8
528,Conde,BR,2022-53-04/08/22 22:53:29,-7.2597,-34.9075,80.06,89,20,6.91
529,Envira,BR,2022-54-04/08/22 22:54:26,-7.3,-70.2167,74.98,95,94,1.95
530,Sechura,PE,2022-54-04/08/22 22:54:26,-5.5569,-80.8222,77.27,63,74,17.85
531,Santa Marinella,IT,2022-54-04/08/22 22:54:26,42.0345,11.8536,57.49,94,4,11.01
532,Broken Hill,AU,2022-54-04/08/22 22:54:27,-31.95,141.4333,62.31,72,78,6.91
533,Talara,PE,2022-54-04/08/22 22:54:27,-4.5772,-81.2719,72.23,80,46,12.35
534,Bairiki,KI,2022-54-04/08/22 22:54:27,1.3292,172.9752,84.2,79,75,14.97
535,Andijon,UZ,2022-54-04/08/22 22:54:28,40.7821,72.3442,65.48,38,100,2.91
536,Micheweni,TZ,2022-54-04/08/22 22:54:28,-4.9667,39.8333,81.0,76,8,8.16
537,Maragogi,BR,2022-54-04/08/22 22:54:29,-9.0122,-35.2225,78.84,83,21,5.21
538,Tual,ID,2022-54-04/08/22 22:54:29,-5.6667,132.75,83.32,74,61,12.26
539,Rio Gallegos,AR,2022-54-04/08/22 22:54:29,-51.6226,-69.2181,44.65,87,40,4.61
540,Winston-Salem,US,2022-50-04/08/22 22:50:18,36.0999,-80.2442,58.82,38,69,16.58
541,Evensk,RU,2022-54-04/08/22 22:54:30,61.95,159.2333,15.96,87,97,5.59
542,Port Lincoln,AU,2022-54-04/08/22 22:54:30,-34.7333,135.8667,67.8,61,0,9.84
543,Kachug,RU,2022-54-04/08/22 22:54:30,53.9606,105.8817,28.99,89,100,4.36
544,Liwale,TZ,2022-54-04/08/22 22:54:31,-9.7667,37.9333,67.37,97,13,0.69
545,Canavieiras,BR,2022-54-04/08/22 22:54:31,-15.675,-38.9472,76.86,80,0,3.47
546,Beira,MZ,2022-52-04/08/22 22:52:34,-19.8436,34.8389,75.29,94,75,13.0
547,Jilotepec,MX,2022-54-04/08/22 22:54:31,19.6,-96.9333,56.05,73,100,3.2
548,Naze,JP,2022-54-04/08/22 22:54:32,28.3667,129.4833,63.52,67,0,8.72
549,Gaoua,BF,2022-54-04/08/22 22:54:32,10.2992,-3.2508,90.37,40,24,7.18
550,Hamburg,DE,2022-54-04/08/22 22:54:19,53.55,10.0,39.06,89,75,13.8
551,Sirohi,IN,2022-54-04/08/22 22:54:33,24.8833,72.8667,78.58,29,3,4.41
552,Santo Estevao,BR,2022-54-04/08/22 22:54:33,-12.4303,-39.2514,73.44,75,23,7.78
553,Port Blair,IN,2022-54-04/08/22 22:54:34,11.6667,92.75,80.76,75,27,1.7
554,Saint-Louis,SN,2022-54-04/08/22 22:54:34,16.3333,-15.0,89.24,12,13,14.76
555,Ascension,US,2022-54-04/08/22 22:54:34,30.2169,-90.9001,69.8,28,0,8.05
556,Kvarkeno,RU,2022-55-04/08/22 22:55:35,52.0833,59.725,40.3,74,100,6.46
557,Jacareacanga,BR,2022-55-04/08/22 22:55:35,-6.2222,-57.7528,75.54,97,100,1.72
558,Poum,NC,2022-55-04/08/22 22:55:35,-20.2333,164.0167,81.36,76,87,8.63
559,Madang,PG,2022-55-04/08/22 22:55:36,-5.2246,145.7966,75.97,95,100,2.86
560,Munirabad,IN,2022-55-04/08/22 22:55:36,15.3333,76.3333,81.61,52,86,6.31
561,Porto Walter,BR,2022-55-04/08/22 22:55:37,-8.2686,-72.7439,75.74,97,99,0.85
562,Kashirskoye,RU,2022-55-04/08/22 22:55:37,51.4194,39.6125,48.74,82,100,5.73
